groupe,Linie,groupe,Median_10_100_l,Mean_10_100_l,Skewness_10_100_l,Kurtosis_10_100_l,Median_10_100_r,Mean_10_100_r,Skewness_10_100_r,Kurtosis_10_100_r,Median_30_300_l,Mean_30_300_l,Skewness_30_300_l,Kurtosis_30_300_l,Median_30_300_r,Mean_30_300_r,Skewness_30_300_r,Kurtosis_30_300_r,Median_300_1000_l,Mean_300_1000_l,Skewness_300_1000_l,Kurtosis_300_1000_l,Median_300_1000_r,Mean_300_1000_r,Skewness_300_1000_r,Kurtosis_300_1000_r,km_debut,km_fin,rayon,length,max_l,max_r,cause_max_r,cause_max_l,max,reserve_usure_l,reserve_usure_r,reserve_usure_min
2,Palezieux - Chatel-St-Denis,2,0.084259,0.0863296511632653,0.4103663817110859,0.12941467046383215,0.049340000999999994,0.05048070871428572,0.18447989351378907,-0.2908546667839129,0.11029900000000001,0.1097568459424861,0.011255493175583556,0.5928356404601693,0.070637,0.07147660298330241,0.0014341953688752575,0.36505720444699197,0.020501001,0.022876703142857144,1.526648969554551,1.848226316332127,0.023987001,0.02826773655844156,1.8390649760214757,2.9386780966469797,96421.06,96555.81,130.0,134.75,0.11029900000000001,0.070637,Median_30_300_r,Median_30_300_l,0.11029900000000001,-0.030299000000000006,0.009362999999999996,-0.030299000000000006
7,Palezieux - Chatel-St-Denis,7,0.0440985005,0.049156851578125,1.0734416523227361,1.0636867419426155,0.028196999,0.03783069763565891,3.6837164120715307,14.183762184967463,0.054503000499999996,0.055947290322580646,0.5438388929445569,0.41672479316386335,0.042776999999999996,0.06908773710169491,3.444498044842472,10.963561328121358,0.0573245,0.05753237719298245,0.26668772065066304,-0.6253827302433219,0.06365699999999999,0.06329387742222223,1.4648849507806418,4.312121175344148,90206.884,90308.134,0.0,101.25,0.0573245,0.06365699999999999,Median_300_1000_r,Median_300_1000_l,0.06365699999999999,0.0226755,0.01634300000000001,0.01634300000000001
8,Palezieux - Chatel-St-Denis,8,0.055135,0.05438392163478261,0.37183157671063677,-0.49005113745623374,0.027496001,0.02826126967826087,0.6155199215416322,-0.0891842748981233,0.052771,0.055790513060869566,0.8085818507267215,0.42424096043014803,0.031538000000000004,0.031786791460869566,0.42325955580144714,-0.05782220615062661,0.025996,0.036162086921739126,1.550860032043036,1.4286385198238882,0.022823,0.02632915667826087,2.080430998584697,3.296697768998399,90240.384,90269.134,150.0,28.75,0.055135,0.031538000000000004,Median_30_300_r,Median_10_100_l,0.055135,0.024864999999999998,0.048462,0.024864999999999998
9,Palezieux - Chatel-St-Denis,9,0.0469805,0.058987502502463054,12.869713922684625,196.3876372487153,0.0265555005,0.030503846368292682,1.4916671363170946,2.837741699513856,0.048692501,0.06785007217412935,7.919004004854087,67.58939111025698,0.0336455,0.036692581722772274,2.5864301452479177,12.267505846361711,0.0343515,0.056595213829896907,2.998806376741178,9.958940441714331,0.0397335,0.045330917971794865,0.7622187819033305,-0.5760021686498544,90269.134,90371.941,0.0,102.8070000000007,0.048692501,0.0397335,Median_300_1000_r,Median_30_300_l,0.048692501,0.031307499,0.040266500000000004,0.031307499
10,Palezieux - Chatel-St-Denis,10,0.0551075005,0.058633011956,0.8838618237706699,0.7641524766417724,0.032313999999999996,0.035915203996000004,1.206574353673971,1.2609378113209253,0.054049,0.05769611198,0.8356461098119347,0.21760908943084134,0.037782000499999996,0.039281720004,1.7829810937267765,5.539966765650645,0.0341005,0.036721951964,0.6790819009974502,0.2237580313267724,0.019804500000000003,0.023293960012,2.357650875173645,5.684606280396414,90371.941,90434.441,398.0,62.5,0.0551075005,0.037782000499999996,Median_30_300_r,Median_10_100_l,0.0551075005,0.024892499499999998,0.042217999500000006,0.024892499499999998
11,Palezieux - Chatel-St-Denis,11,0.047963001000000005,0.051944640196018375,1.2459567891226861,2.176614800856721,0.023531999999999997,0.026360705946401226,1.9921301599198216,5.144161219358903,0.049196,0.052320113382848386,0.975453293384723,0.8758876497362365,0.030684001000000002,0.03274310104287902,1.090506353997439,1.1834857766793059,0.022799,0.025115601875957124,1.7837784222912925,3.8342781049148575,0.024688,0.027341208241960183,1.8936748138025001,5.138900035282008,90434.441,90597.691,0.0,163.25,0.049196,0.030684001000000002,Median_30_300_r,Median_30_300_l,0.049196,0.030804000000000005,0.049315999,0.030804000000000005
12,Palezieux - Chatel-St-Denis,12,0.049437,0.05255640821348315,0.8152293773723728,0.3711062014960591,0.026688,0.02756533341198502,1.0157403260061533,1.2716189688459272,0.052114999999999995,0.05306504122097378,0.6006943544038401,-0.03140230516173137,0.03454,0.03572241955430712,0.7046404795939502,0.39955434348405117,0.022366,0.0223229888164794,1.5591582505948167,3.8817617220800216,0.032388,0.03313997748314607,0.44620101536351126,-0.2915317579902714,90597.691,90664.441,325.0,66.75,0.052114999999999995,0.03454,Median_30_300_r,Median_30_300_l,0.052114999999999995,0.027885000000000007,0.04546,0.027885000000000007
13,Palezieux - Chatel-St-Denis,13,0.048406999500000006,0.050363686902912624,0.867975163836601,0.887131119315336,0.023815,0.028810827662621358,1.3241852512109122,1.4373429648341807,0.0485119995,0.05526492719417476,1.72496731142669,3.831218774401803,0.0291690005,0.03597146842718446,2.0433104932868744,5.03664619008681,0.024545,0.026457832504854367,0.8428217870944089,0.43291344036857415,0.022129000500000003,0.026857621351941748,2.504710947281379,7.246455073120334,90664.441,90767.441,0.0,103.0,0.0485119995,0.0291690005,Median_30_300_r,Median_30_300_l,0.0485119995,0.0314880005,0.0508309995,0.0314880005
14,Palezieux - Chatel-St-Denis,14,0.089554,0.09704677500882353,0.7595047329213933,0.3569120348779844,0.0553845,0.056616715542522,0.382441079655744,0.38153557228869506,0.144365,0.1498678891301775,0.4042975454783521,-0.09820067849655523,0.0982355,0.1034763549704142,0.3250690884879747,-0.17130216355612227,0.0307185,0.03250337310876133,0.7738584493536621,0.16574192067772575,0.0254075005,0.02717413443655589,2.880748999595821,10.517935059566042,90767.441,90937.941,100.0,170.5,0.144365,0.0982355,Median_30_300_r,Median_30_300_l,0.144365,-0.06436499999999999,-0.0182355,-0.06436499999999999
15,Palezieux - Chatel-St-Denis,15,0.045607,0.04830309095215311,0.7253653793336322,0.14102124214658884,0.023783000999999998,0.02695028233971292,0.8150806233718825,0.08870337823376673,0.044846999,0.04931011966985646,1.2812971752309925,1.7472529446893024,0.028096,0.03201951676555024,1.5848308027870524,2.9765805801685294,0.024596,0.027532382765550242,1.0070589430592631,0.3672270589975972,0.029051,0.03084883257416268,1.6984087930523826,3.290848425876991,90937.941,90990.191,0.0,52.25,0.045607,0.029051,Median_300_1000_r,Median_10_100_l,0.045607,0.034393,0.050949,0.034393
16,Palezieux - Chatel-St-Denis,16,0.0978430005,0.09946573704285713,0.2986862271779344,-0.3982521608836418,0.0536130005,0.05231545285571428,-0.08169527596818699,-0.641068904540695,0.145436,0.1461202826942857,0.15249420298988864,-0.7380142759368691,0.10602349999999999,0.10557215147285715,0.13857782998370466,-0.8493754880848363,0.0251550005,0.028931717138571428,1.129746668215234,0.7106192559072251,0.0294470005,0.03041612714142857,0.5785790117186081,-0.03432317260834861,90990.191,91165.191,150.0,175.0,0.145436,0.10602349999999999,Median_30_300_r,Median_30_300_l,0.145436,-0.06543600000000001,-0.02602349999999999,-0.06543600000000001
17,Palezieux - Chatel-St-Denis,17,0.0438944995,0.046579233727906975,0.9916766975602174,1.4439902610571034,0.0233539995,0.027112386186206896,2.896389337279298,12.753424832350298,0.0459565,0.04801139953191489,0.9161430040385019,1.3222887654241946,0.030262999999999998,0.03167510747976879,0.9482974796590461,0.7455553277297162,0.0244855005,0.026986271675480768,1.6978861690586515,2.9861551004609996,0.022813,0.026219322010575793,2.2997365963418903,5.568960667500665,91165.191,91382.941,0.0,217.75,0.0459565,0.030262999999999998,Median_30_300_r,Median_30_300_l,0.0459565,0.034043500000000004,0.049737,0.034043500000000004
18,Palezieux - Chatel-St-Denis,18,0.044304,0.04801774569686411,0.907374539393633,0.24490518970754138,0.029075999999999998,0.03309974917421603,1.4592364038293983,2.6102645472783657,0.052961999999999995,0.05465691989198606,0.5290647182883068,-0.2030368599825887,0.037870999,0.03906193036585366,0.27509337112934396,-0.5533349995850765,0.028192,0.02850905233101045,0.713188177207468,0.18070521461442945,0.023001,0.024128745710801393,1.0846914681959872,1.239162290421529,91382.941,91454.691,378.0,71.75,0.052961999999999995,0.037870999,Median_30_300_r,Median_30_300_l,0.052961999999999995,0.027038000000000006,0.042129001,0.027038000000000006
19,Palezieux - Chatel-St-Denis,19,0.049918,0.052395856938789086,0.8366816716065268,0.8601111381494424,0.0245874995,0.028635766611702126,1.8341971883471413,3.9814359672295696,0.049730000999999996,0.05328383057438292,0.8584883312687288,0.5725468064136989,0.033395,0.03462445629886591,0.7166789466790489,0.346530022200894,0.027246,0.03114394947138047,1.7951669174476625,4.460089663987201,0.026464,0.029816363664646465,1.672814002146331,4.743396984639337,91454.691,91830.941,0.0,376.25,0.049918,0.033395,Median_30_300_r,Median_10_100_l,0.049918,0.030082000000000005,0.046605,0.030082000000000005
20,Palezieux - Chatel-St-Denis,20,0.067878,0.07045230200784314,0.4044738817765452,-0.4869016573551974,0.022919000000000002,0.025262203925490195,1.776811451011019,5.2966262989779604,0.060114999,0.060846231364705884,0.3297062093510959,-0.519074195853384,0.029308001,0.030653372552941177,0.7150738107876032,0.6349328963604894,0.027665,0.02900375297647059,0.6389470963479614,-0.09192952911603358,0.025955999,0.024764360803921567,0.05191563626943217,-0.9823388815943876,91830.941,91894.691,410.0,63.75,0.067878,0.029308001,Median_30_300_r,Median_10_100_l,0.067878,0.012122000000000008,0.050691999,0.012122000000000008
21,Palezieux - Chatel-St-Denis,21,0.045597,0.04934702452986218,0.965723811647559,0.9449289673855334,0.022666000000000002,0.02591872280704441,1.9057284469288656,6.190488768659064,0.046389998,0.04820407811026034,0.7055583402127636,0.5330356975654182,0.027020000000000002,0.02908592034762634,0.9365446425009787,0.5168914792565076,0.025839999,0.02959446250995406,2.2053987247104807,5.7503236439866665,0.021708,0.024218241960183767,1.3288629754417487,1.7951683475825133,91894.691,92057.941,0.0,163.25,0.046389998,0.027020000000000002,Median_30_300_r,Median_30_300_l,0.046389998,0.033610002,0.05298,0.033610002
22,Palezieux - Chatel-St-Denis,22,0.050047499999999995,0.053009961565934065,1.12051872672291,1.585996580369411,0.037138001000000004,0.039183417535714284,1.3476364816313755,2.8867055704504283,0.0582450005,0.06031339010164836,0.6772904528532141,0.2620285201586845,0.042572999,0.04268926090384616,0.18455604847586551,-0.516660451931608,0.0335935,0.03491282423076923,0.5990933711261467,0.02664176809786989,0.0211490005,0.025903412112637362,2.1925935349396903,4.952694873012502,92057.941,92148.941,290.0,91.0,0.0582450005,0.042572999,Median_30_300_r,Median_30_300_l,0.0582450005,0.021754999500000004,0.037427001,0.021754999500000004
23,Palezieux - Chatel-St-Denis,23,0.06559899999999999,0.06762555855518394,0.6229813785380851,0.19876197212386115,0.046144,0.047932762515050166,1.9772489361081713,8.184697381582604,0.10234499999999999,0.10441650503344481,0.6699338992537331,0.30193866950834547,0.076831001,0.07714051840133779,0.27059897062498245,-0.044498906702647556,0.027952,0.029251976595317725,1.5331501177734834,3.255704745175053,0.029829999,0.03458513378260869,1.1904497268611496,0.7722529892346186,92205.691,92280.441,169.0,74.75,0.10234499999999999,0.076831001,Median_30_300_r,Median_30_300_l,0.10234499999999999,-0.02234499999999999,0.0031689990000000057,-0.02234499999999999
24,Palezieux - Chatel-St-Denis,24,0.043975,0.04691928893355482,0.5643958966562711,-0.6243661620089145,0.022044,0.024597192684385382,1.8400275352501576,4.8765652015583,0.077626,0.07823123911627906,0.0662697591241177,0.11675832981719303,0.061696,0.06060439533554817,-0.3875599274999176,0.010848761436902166,0.02263,0.022710215936877075,0.05854910868052153,-0.5633538002746863,0.021914,0.024905983392026577,1.2619281363035266,0.8648781180093867,92280.441,92355.691,0.0,75.25,0.077626,0.061696,Median_30_300_r,Median_30_300_l,0.077626,0.002374000000000001,0.018304,0.002374000000000001
25,Palezieux - Chatel-St-Denis,25,0.0326679995,0.03672379474253731,0.9022793495260687,0.5329223832539123,0.040677999500000006,0.04201985443656716,1.0910171928978083,1.900793677986969,0.0598884995,0.0616376343097015,0.42124087190907983,-0.054052948388329636,0.0523135,0.05271962310447761,0.24182570800568107,0.0035537050610985332,0.021968,0.024957783615671643,1.1668472133487673,0.9711492859552844,0.028186001,0.03082672766044776,0.7212264877099807,-0.18878575680096565,92355.691,92422.691,288.0,67.0,0.0598884995,0.0523135,Median_30_300_r,Median_30_300_l,0.0598884995,0.020111500500000004,0.027686500000000003,0.020111500500000004
26,Palezieux - Chatel-St-Denis,26,0.04185799999999999,0.04474043540253165,0.8921366609295803,0.6441979456945504,0.0237,0.026495405043037976,1.3097691920465986,1.7192906586695544,0.050129999999999994,0.052063549308860764,0.9636692801571055,1.0081769910761738,0.035502999,0.036744969579746836,0.6363344632380369,0.12743498334282144,0.029949,0.03218675694683545,0.9708506749657656,0.5913074967549354,0.027112,0.02843455954177215,0.5672865381890645,-0.28049002802408207,92422.691,92521.441,0.0,98.75,0.050129999999999994,0.035502999,Median_30_300_r,Median_30_300_l,0.050129999999999994,0.029870000000000008,0.044497001,0.029870000000000008
27,Palezieux - Chatel-St-Denis,27,0.034908,0.03679032031601731,0.7296194438431578,0.006029395078356092,0.036008,0.037316857142857145,0.9141627309812497,1.1657222150276132,0.06099,0.06537219475757576,0.5188563738680796,-0.2868849545941412,0.052192999999999996,0.054148835497835494,0.43119430270052167,-0.09458763633363798,0.029918,0.028801077883116883,-0.2527404157518246,-0.5714360214029952,0.02689,0.028207515138528136,1.019441232029464,1.2455300511356109,92521.441,92579.191,192.0,57.75,0.06099,0.052192999999999996,Median_30_300_r,Median_30_300_l,0.06099,0.01901,0.027807000000000005,0.01901
28,Palezieux - Chatel-St-Denis,28,0.037143499999999996,0.038545517986,0.6868784025827236,0.5526357456189102,0.031327999999999995,0.032926038016,0.7440026479108462,0.5242019617022202,0.0604065005,0.063014118006,0.6765176760265271,0.8102600731171798,0.051009,0.053037547973999996,0.8389871194097055,0.8596171746912509,0.0296369995,0.02987371199,-0.3176980852846147,0.16044866876707298,0.0242995005,0.02561176398,1.6220533334140421,4.754546290332953,92633.441,92758.441,146.0,125.0,0.0604065005,0.051009,Median_30_300_r,Median_30_300_l,0.0604065005,0.0195934995,0.028991000000000003,0.0195934995
29,Palezieux - Chatel-St-Denis,29,0.049243999999999996,0.051580377044362295,0.8094251234333755,1.049172188345774,0.02248,0.024231829961182994,1.116009675219947,1.8880357201800448,0.055109,0.057266195885397414,0.9016972469108817,1.7871774669234295,0.034632999,0.03542100189648798,0.5264697156896687,0.22362219736914346,0.025014,0.02601294453974122,0.6762274478321297,0.22194001777404315,0.029395999,0.030490676484288354,0.5969066564649098,-0.04374133167450811,92758.441,92893.691,0.0,135.25,0.055109,0.034632999,Median_30_300_r,Median_30_300_l,0.055109,0.024891000000000003,0.045367001000000004,0.024891000000000003
30,Palezieux - Chatel-St-Denis,30,0.06647499949999999,0.06862453118749999,0.631860649413889,0.697009264892043,0.036854,0.038307203844660194,2.068915868093085,9.38085931716726,0.082034,0.08533362337662337,0.7306534829514526,1.4240704603032137,0.0541435005,0.05659177012162162,0.6220738706290122,0.42841929978819815,0.043852,0.042576763131578946,-0.2536324025743065,-0.5426844841424869,0.035316,0.03534359521428571,0.35086423508560277,-0.833987029102941,92893.691,92920.941,96.0,27.25,0.082034,0.0541435005,Median_30_300_r,Median_30_300_l,0.082034,-0.002033999999999994,0.025856499500000005,-0.002033999999999994
31,Palezieux - Chatel-St-Denis,31,0.0631565,0.06745600009302326,0.5919958698169961,-0.05945425335000465,0.0275185005,0.02949615110465116,0.46606040808280663,-0.8647618214992892,0.0713320005,0.07341901168604652,1.0980329526358321,1.6499913292287465,0.047725501,0.048596139465116275,1.1484138764116751,1.8395088387491931,0.031623,0.0404628374625,1.7224359700510552,1.7721467391618946,0.031849,0.039719737525,1.9189411679597586,2.353559763217259,92920.941,92942.441,204.0,21.5,0.0713320005,0.047725501,Median_30_300_r,Median_30_300_l,0.0713320005,0.008667999499999995,0.032274499000000005,0.008667999499999995
32,Palezieux - Chatel-St-Denis,32,0.066936,0.07067408203381643,1.0471247920915918,2.307341604508128,0.035157999999999995,0.037251062748792266,1.0558989029431325,2.124310142409465,0.098324,0.10290298542512077,0.8396566094541089,1.04322950097548,0.070839,0.07382333811594204,0.3899525332358915,-0.6198985713404781,0.027783999,0.03523786468599034,1.8429301437363257,2.7977515169162226,0.029771,0.032036734285024154,0.7299467384551345,-0.1259466973303005,92942.441,92994.191,90.0,51.75,0.098324,0.070839,Median_30_300_r,Median_30_300_l,0.098324,-0.018323999999999993,0.009161000000000002,-0.018323999999999993
33,Palezieux - Chatel-St-Denis,33,0.08224849949999999,0.08366566129677419,0.3746151517521092,0.23967054583477854,0.0283505,0.02946623542580645,0.430605146544625,-0.8333905709842737,0.070848,0.07264931289677419,0.4210198396640721,-0.07082709803884013,0.0342914995,0.03404969350967742,0.4487528460559975,-0.46662400871698084,0.027158501,0.02891107091935484,1.07160032952778,0.8530392703044085,0.033947,0.03931841932580645,1.2085229578461865,0.5953422301332929,92994.191,93071.691,250.0,77.5,0.08224849949999999,0.0342914995,Median_30_300_r,Median_10_100_l,0.08224849949999999,-0.002248499499999987,0.0457085005,-0.002248499499999987
34,Palezieux - Chatel-St-Denis,34,0.052026000999999995,0.054409290780876494,0.6579755635077983,0.3477424942369929,0.025300999999999997,0.027724741047808765,1.1889993899900686,1.3485022365484944,0.045937,0.04697307166135459,0.8788282492244043,1.4199289903404377,0.027749,0.028836067741035854,0.640437525467361,-0.24992721595706913,0.024478,0.02756094421513944,1.6785409177346258,2.896123864943526,0.02282,0.02523460558565737,1.291302413315518,1.2248241575975785,93071.691,93134.441,0.0,62.75,0.052026000999999995,0.027749,Median_30_300_r,Median_10_100_l,0.052026000999999995,0.027973999000000006,0.052251000000000006,0.027973999000000006
35,Palezieux - Chatel-St-Denis,35,0.038095499500000005,0.04136506456451613,1.4234761468050101,2.7197768351442964,0.024267499999999997,0.02655858470967742,1.3184017295843384,1.8730239694648994,0.056015499999999996,0.05716431054032258,0.4881669379269008,-0.08010850020924609,0.039149500500000003,0.04117178633870968,0.8231415506906284,0.10772497808853432,0.030696,0.036718701624999996,1.3708437408615641,0.8373861706047006,0.0226184995,0.030002225733870968,1.7373840187717742,1.6386180532089085,93134.441,93196.441,230.0,62.0,0.056015499999999996,0.039149500500000003,Median_30_300_r,Median_30_300_l,0.056015499999999996,0.023984500000000006,0.0408504995,0.023984500000000006
36,Palezieux - Chatel-St-Denis,36,0.0430385,0.04692963700342465,1.2416936415532631,1.9316957843418612,0.0278025,0.03028770032534247,1.174218642949107,1.1310823695990013,0.0734779995,0.07721430651027397,0.7364672455097612,0.4439994758579737,0.0563395,0.05855339554623288,0.7580658346487544,0.5324348604328666,0.042479,0.043019118152397263,0.9446763665106073,1.3362628831054462,0.0292505,0.035095409234589044,1.1823120009944625,0.397086714191655,93196.441,93342.441,217.0,146.0,0.0734779995,0.0563395,Median_30_300_r,Median_30_300_l,0.0734779995,0.0065220005,0.0236605,0.0065220005
37,Palezieux - Chatel-St-Denis,37,0.030752001,0.034462162089385476,0.9386190168959696,0.2038408443525186,0.020065,0.022427139648044693,1.8258630355032948,4.621887821004081,0.047716,0.049019770972067035,0.6142992997987119,-0.2010417761253107,0.039257,0.040480312782122906,0.1918536526577428,-0.6929008409989286,0.028077001,0.03099169275418994,1.3286291224406948,1.3835582191937394,0.034891,0.035257419011173186,0.4112768359974552,0.1767209154871483,93342.441,93387.191,0.0,44.75,0.047716,0.039257,Median_30_300_r,Median_30_300_l,0.047716,0.032284,0.040743,0.032284
38,Palezieux - Chatel-St-Denis,38,0.047890999000000004,0.050427455105263155,0.6126928959340764,0.0011995757771550153,0.0262445,0.026663221346749227,0.6165217703789099,0.41710276104803246,0.07951,0.0804785789489164,0.1863449192843159,-0.2714317572723295,0.063365,0.06340475851857584,0.18217581912414685,0.11339205040105549,0.0270229995,0.034853756982972134,2.057135186973023,3.642411089111776,0.039765999999999996,0.04194871981888545,1.926243966359255,4.781039933741189,93387.191,93548.691,197.0,161.5,0.07951,0.063365,Median_30_300_r,Median_30_300_l,0.07951,0.0004900000000000043,0.016634999999999997,0.0004900000000000043
39,Palezieux - Chatel-St-Denis,39,0.044882,0.04738669382653946,0.7445508759661961,0.33430178438733726,0.023089999,0.025704740679098004,1.7897317500745182,4.688144032386498,0.06563,0.06684786468343451,0.42398445758041065,-0.4109067679441032,0.046356999999999995,0.04901912054206418,0.36688700627401877,-0.7497935832126146,0.028299,0.03350452213790113,2.151160526964863,5.110455732798256,0.027305,0.030243331327840416,1.7518081923497786,4.92570048884914,93548.691,93912.191,0.0,363.5,0.06563,0.046356999999999995,Median_30_300_r,Median_30_300_l,0.06563,0.014370000000000008,0.033643000000000006,0.014370000000000008
40,Palezieux - Chatel-St-Denis,40,0.0423614995,0.04476690003333334,0.7760526959777981,0.2594689369616754,0.025474000499999996,0.02634192772222222,1.2768746256605268,2.6906422246955755,0.050314,0.05444195003888889,2.169376644574627,7.1026176342671015,0.036603000999999996,0.03785142776111111,1.3744123415549803,4.259877764012257,0.0223065,0.03313811671111111,1.7382888641220329,1.6158852679858606,0.030394499,0.04273573888888889,1.1689571685292557,0.07438023339495548,93912.191,93957.191,395.0,45.0,0.050314,0.036603000999999996,Median_30_300_r,Median_30_300_l,0.050314,0.029686000000000004,0.043396999000000006,0.029686000000000004
41,Palezieux - Chatel-St-Denis,41,0.0350255,0.03931189844162437,1.2643953533654453,1.7244072170716267,0.0301575005,0.033438332482233504,0.9171981478980187,0.3836470019894853,0.051700500499999996,0.06160867256598985,1.1812675123155696,0.6860039768066275,0.042182499,0.049498522868020305,1.1523730237470213,0.8359237792991911,0.031817,0.03538137816243655,1.4199512932076306,1.8338133632038263,0.033929,0.03770872841878172,0.9135683982074617,0.3071176533687896,93957.191,94055.691,0.0,98.5,0.051700500499999996,0.042182499,Median_30_300_r,Median_30_300_l,0.051700500499999996,0.028299499500000005,0.037817501,0.028299499500000005
42,Palezieux - Chatel-St-Denis,42,0.044236,0.04701466804948454,0.9021538968899585,0.8363410533053717,0.027830999000000002,0.03027607835257732,1.426685365972093,2.635530607239403,0.080148,0.08446154432371134,1.3291833400043431,2.3880387537768817,0.062,0.06577025773814434,1.1806104508449882,1.7884977884157784,0.027247,0.031004727824742267,2.0412068190589334,4.419686309188159,0.034854,0.03785246599175258,1.6099914482182793,2.905551474966953,94055.691,94176.941,105.0,121.25,0.080148,0.062,Median_30_300_r,Median_30_300_l,0.080148,-0.00014799999999999536,0.018000000000000002,-0.00014799999999999536
43,Palezieux - Chatel-St-Denis,43,0.0309510005,0.03267596820454546,1.0316352867745475,1.177727920925653,0.0230889995,0.0257739591,1.7108432770842705,3.3191488688726087,0.0463380005,0.04780741364090909,0.5135796001630186,0.09074987089475695,0.040040000500000006,0.04105603635454545,0.36720681048282433,-0.36961303807188495,0.027165500500000002,0.03252555003181818,1.3430722214760231,0.6128742860856629,0.033353,0.03412905455909091,0.7925298516485167,1.0027082269161527,94176.941,94231.941,0.0,55.0,0.0463380005,0.040040000500000006,Median_30_300_r,Median_30_300_l,0.0463380005,0.033661999500000005,0.039959999499999996,0.033661999500000005
44,Palezieux - Chatel-St-Denis,44,0.037020999,0.038798714919540234,0.8425054731224795,0.7577534006421289,0.022871000000000002,0.023972317232183907,2.049712529352782,7.861484506369779,0.060081000999999995,0.06228085282528735,0.780947244824593,1.0228358027072577,0.047826998999999995,0.0507379494229885,1.2631156189880848,2.2272020397402574,0.027704,0.03580157699310345,1.2620010108309523,0.6821766113839516,0.036187,0.04051520689425287,1.0561014194545606,0.43529526644474936,94231.941,94340.691,230.0,108.75,0.060081000999999995,0.047826998999999995,Median_30_300_r,Median_30_300_l,0.060081000999999995,0.019918999000000007,0.03217300100000001,0.019918999000000007
45,Palezieux - Chatel-St-Denis,45,0.027410499999999997,0.029349566024305558,0.949134252927003,0.8320887980567195,0.020169,0.021314420163194445,1.806226959835269,6.145735030189433,0.045719499999999996,0.04841420838888889,0.6673185808881372,0.0700299285364574,0.0398490005,0.04035140070212766,0.25375719657740287,-0.4890130546085687,0.032064999999999996,0.03846368058333333,0.9798782452652297,0.030281545997183024,0.0306295,0.034160335817164184,0.8543132109035961,-0.2754991891605769,94340.691,94412.691,0.0,72.0,0.045719499999999996,0.0398490005,Median_30_300_r,Median_30_300_l,0.045719499999999996,0.034280500000000005,0.0401509995,0.034280500000000005
46,Palezieux - Chatel-St-Denis,46,0.0367469995,0.0398512573492647,0.8820551192036716,0.3720119716718582,0.0185955,0.020136312514705882,1.0829249950576663,1.1494938613674304,0.061550999999999995,0.06569422056617646,0.9260111819128394,0.9787336986810642,0.049042999999999996,0.05040282347794117,0.6806700537444607,0.8882521006652655,0.029350999500000002,0.03619419118382353,1.072981980009653,0.022032032994911077,0.028878999500000002,0.03705656617647059,1.3925296078724154,0.8959873616622542,94412.691,94480.691,190.0,68.0,0.061550999999999995,0.049042999999999996,Median_30_300_r,Median_30_300_l,0.061550999999999995,0.018449000000000007,0.030957000000000005,0.018449000000000007
47,Palezieux - Chatel-St-Denis,47,0.0338175005,0.03500591863953489,0.8700369488736355,0.8003622228785985,0.021598,0.023494529127906973,1.5052945968731324,3.634245766048622,0.057149000500000005,0.0589916046627907,1.0415750385047549,1.6314713323691183,0.0408805005,0.04420024421511628,1.65594857003013,4.29111997928961,0.032538,0.03313448836046512,-0.011831252197771543,-0.4946300826867889,0.029651499999999997,0.03303783714534884,0.9067194438280413,0.0972053182710404,94480.691,94523.691,0.0,43.0,0.057149000500000005,0.0408805005,Median_30_300_r,Median_30_300_l,0.057149000500000005,0.022850999499999997,0.0391194995,0.022850999499999997
48,Palezieux - Chatel-St-Denis,48,0.032315000999999996,0.03461185307346939,0.9713929376559329,1.3402538218389548,0.021401000000000003,0.023047963236734696,1.5760848027314758,3.4640095533942556,0.084882,0.09312955922857143,1.3066220783582663,1.7645392785052536,0.066908,0.07253939998367347,1.3135839801360711,2.2582755156859484,0.031277999,0.03447118365306122,1.5201879735793695,2.367901752849134,0.034924,0.0385148816244898,1.7052685498874376,3.806960403969522,94523.691,94584.941,143.0,61.25,0.084882,0.066908,Median_30_300_r,Median_30_300_l,0.084882,-0.0048819999999999975,0.013092000000000006,-0.0048819999999999975
49,Palezieux - Chatel-St-Denis,49,0.024502000000000003,0.027958040296703297,1.3330152428692343,1.237557229250406,0.02547,0.02864103661904762,1.135284177029618,1.0571151207181124,0.046082001,0.050254406608058605,1.0870064877015408,1.1790950439713468,0.044305,0.0447186116996337,0.32898768389594235,-0.3162592411295413,0.025311001,0.029960417633699634,1.0621330652309833,0.11835609239365485,0.029731,0.0322571539010989,0.9717541898772741,0.7718454801893864,94632.941,94701.191,163.0,68.25,0.046082001,0.044305,Median_30_300_r,Median_30_300_l,0.046082001,0.033917999000000004,0.035695000000000005,0.033917999000000004
50,Palezieux - Chatel-St-Denis,50,0.046528001,0.050998502789868665,2.0399661646075162,7.138893408383597,0.025672,0.027577115887850466,1.2456994448800056,2.0444150376755683,0.048221,0.05123705860302457,1.0956896699536633,1.8489825034177239,0.032686,0.03429575511962617,1.2298371260368735,3.7154297870692368,0.028294001,0.03264946409708738,1.690225951062284,3.0978602603356826,0.030483,0.03583852336448598,1.3746563935828777,1.6914860788777508,94701.191,94834.941,0.0,133.75,0.048221,0.032686,Median_30_300_r,Median_30_300_l,0.048221,0.031779,0.047314,0.031779
51,Palezieux - Chatel-St-Denis,51,0.055571000499999995,0.05676050639873418,0.4980534133424561,-0.3771392411982655,0.027041001000000002,0.032373172031847135,5.558725163481266,41.634325614895374,0.07538099949999999,0.07650608859493671,0.7131730056846941,0.6756129956585042,0.0515255,0.05290596389130435,0.5442501024088865,-0.03357354871672236,0.0310469995,0.031406582341772155,0.42501654566041686,-0.21188461785069812,0.030222001,0.03546144868224299,0.8312521472451445,-0.5160094081180748,94834.941,94874.441,170.0,39.5,0.07538099949999999,0.0515255,Median_30_300_r,Median_30_300_l,0.07538099949999999,0.004619000500000012,0.0284745,0.004619000500000012
52,Palezieux - Chatel-St-Denis,52,0.078775,0.07973200524338625,0.2648716991983706,-0.17068565744043607,0.021908999000000002,0.02546701588888889,1.1168093215538417,0.3226457198465851,0.070228,0.0733590475925926,0.49452890337132543,-0.4084896655470249,0.033272999,0.03741169843386243,1.2411915738801762,0.7666921167992533,0.027927,0.036868809523809526,2.281418559735142,4.171575222577417,0.027563,0.0317448942010582,2.129131182638023,3.6244167758895802,94874.441,94921.691,250.0,47.25,0.078775,0.033272999,Median_30_300_r,Median_10_100_l,0.078775,0.0012250000000000039,0.046727001000000004,0.0012250000000000039
53,Palezieux - Chatel-St-Denis,53,0.0460454995,0.04828538635,1.0687015560643025,1.6941698448803404,0.023846,0.026695768179545453,1.5941207015216918,3.4066219364042487,0.0836435015,0.08609621819772727,0.9998464701922306,1.7204117058158683,0.06665650000000001,0.06784450907045454,0.5954286042992691,-0.19874943632406517,0.023964,0.030047747709090907,2.3750894754382834,6.313968700461363,0.0279090005,0.03272445911363636,2.513575408104002,7.021501758335331,94921.691,95031.691,0.0,110.0,0.0836435015,0.06665650000000001,Median_30_300_r,Median_30_300_l,0.0836435015,-0.003643501499999993,0.013343499999999994,-0.003643501499999993
54,Palezieux - Chatel-St-Denis,54,0.054188,0.057928729030837005,0.9060215672498578,1.099516261695638,0.0310565005,0.033547264303964756,1.4340150099910827,2.7885055585076666,0.1065805,0.11485626426872247,0.6027593641488669,-0.016066672346505495,0.0776855,0.08599204857048459,1.1838468319569178,1.1497284489752877,0.032156500000000005,0.03559276872907489,1.4796984663997417,1.8928714420022512,0.03218,0.03579794048678414,2.3530450769113678,6.779376315494719,95031.691,95145.191,170.0,113.5,0.1065805,0.0776855,Median_30_300_r,Median_30_300_l,0.1065805,-0.026580499999999993,0.002314499999999997,-0.026580499999999993
55,Palezieux - Chatel-St-Denis,55,0.032117001,0.03320034494492753,0.8027720876620954,0.7185719674307998,0.020189,0.021285646353623188,1.7270360328928323,5.937611236709952,0.047317998,0.04834717100289856,0.5027580917213291,0.08635028501893549,0.036825000999999996,0.03881648695362319,1.1710025641891113,1.8868916747556845,0.024522999,0.02943813333623188,2.123791419568475,5.883046123662204,0.028666999,0.03481157389275362,1.1519159849405283,0.24361400588849547,95145.191,95231.441,0.0,86.25,0.047317998,0.036825000999999996,Median_30_300_r,Median_30_300_l,0.047317998,0.032682002,0.043174999000000006,0.032682002
56,Palezieux - Chatel-St-Denis,56,0.0291150005,0.032297374344919784,0.9593146791938838,0.3280095164609955,0.017099,0.019207983965240642,1.938108369595119,7.023686010062498,0.051595999999999996,0.05442160426203209,0.5197250038634457,-0.49089541177003637,0.042001,0.04433434228074866,0.9712458451506139,1.057099144587224,0.027029500499999998,0.03070642512566845,3.133313800968295,11.071227725377131,0.0283465005,0.03106520052406417,1.4412134145141182,1.8359427668900343,95231.441,95324.941,300.0,93.5,0.051595999999999996,0.042001,Median_30_300_r,Median_30_300_l,0.051595999999999996,0.028404000000000006,0.037999000000000005,0.028404000000000006
57,Palezieux - Chatel-St-Denis,57,0.034436999999999995,0.03684669533476395,1.0369994360588821,1.4340241162246645,0.020879,0.023282922763948496,2.0909450138402215,5.516135666009154,0.05273799999999999,0.05470881555364807,0.7787928951622667,0.7171758283526604,0.038765999999999995,0.03943021032188841,0.6099851545984781,0.4330052251480794,0.032107,0.040703038609442056,2.083404408908323,4.017766678648078,0.033895,0.03854262658369099,1.1887204251676506,1.182462657633132,95324.941,95383.191,0.0,58.25,0.05273799999999999,0.038765999999999995,Median_30_300_r,Median_30_300_l,0.05273799999999999,0.02726200000000001,0.04123400000000001,0.02726200000000001
58,Palezieux - Chatel-St-Denis,58,0.034811999999999996,0.03731053114540059,0.90872861834454,0.49217794474870225,0.027053,0.0296015667537092,2.066686845134169,5.806676358524639,0.055095001000000005,0.05919926406231454,0.6441931930699942,-0.09711596776891307,0.047689,0.048458350115726995,0.3430365287072448,-0.3153114607522043,0.027163999,0.03233069438872404,1.7883233394951985,2.52933187861489,0.034841,0.041575718109792284,1.4826695674257535,1.97970568785275,95383.191,95467.441,257.0,84.25,0.055095001000000005,0.047689,Median_30_300_r,Median_30_300_l,0.055095001000000005,0.024904998999999997,0.032311,0.024904998999999997
59,Palezieux - Chatel-St-Denis,59,0.042901,0.04747450189513109,1.0414473865415843,0.8923502981511602,0.026530001,0.029735715397003745,9.964944530937172,132.23632262331952,0.045175999999999994,0.04805694390262172,0.8113362551037323,0.3103645446425398,0.033841000999999996,0.036159644205992506,2.0174514585297323,8.346825264913154,0.024789,0.02709109738576779,1.266495965895796,1.2600909263997773,0.030164,0.0335628015093633,2.037791344769758,4.310616797727374,95467.441,95534.191,0.0,66.75,0.045175999999999994,0.033841000999999996,Median_30_300_r,Median_30_300_l,0.045175999999999994,0.03482400000000001,0.046158999000000006,0.03482400000000001
60,Palezieux - Chatel-St-Denis,60,0.037703999,0.041266622308510637,1.0244969456189654,0.9110426617942231,0.0219955,0.02461240957712766,0.9271302766330268,0.2308267012539047,0.040830999,0.04391465688031915,1.0691023331465956,1.4037570864779747,0.0297520005,0.031425430875,0.9277605436644449,1.1667977239062042,0.0225555005,0.025095944125,1.166180185195924,1.1012068754644142,0.0250525,0.029067553194148936,2.062400732332285,3.5731478281258227,95534.191,95628.191,412.0,94.0,0.040830999,0.0297520005,Median_30_300_r,Median_30_300_l,0.040830999,0.039169001,0.0502479995,0.039169001
61,Palezieux - Chatel-St-Denis,61,0.031546000000000005,0.03569333870967742,1.2202586941317093,1.6311368456371058,0.020090999999999998,0.022562166650537636,1.0075778585699002,0.6175126254215839,0.0350395005,0.038566698887096774,1.2925441417323347,1.824753863874161,0.026185,0.029068672021505378,1.1378885405472616,1.2127353749527883,0.021198001,0.021354118322580645,0.3316383702879559,0.21393206531474895,0.0267365005,0.03126353229569892,1.2087490822827185,0.5242182847057943,95628.191,95674.691,0.0,46.5,0.0350395005,0.0267365005,Median_300_1000_r,Median_30_300_l,0.0350395005,0.0449604995,0.053263499500000006,0.0449604995
62,Palezieux - Chatel-St-Denis,62,0.053348999499999994,0.05456221951219512,0.5832000319857562,0.1388423344276859,0.026836000999999998,0.028255542869387754,0.6812092875529905,0.2054096677891346,0.0543549995,0.05692472761382114,0.7710709755409304,0.38010411196128624,0.0365014995,0.03721728337916667,0.7990395097094634,1.2854981050117553,0.0224994995,0.026411272341463413,0.9877848091387478,-0.23395816264463054,0.028611000999999997,0.03095576985840708,0.9882814481795451,2.0812422080577564,95674.691,95736.191,175.0,61.5,0.0543549995,0.0365014995,Median_30_300_r,Median_30_300_l,0.0543549995,0.0256450005,0.0434985005,0.0256450005
63,Palezieux - Chatel-St-Denis,63,0.0491590005,0.053091681164855076,0.7839645397087797,-0.04801382588126346,0.024062,0.02651996013768116,1.1809430531233553,1.265803213481255,0.04772,0.050328753588768115,0.7408721057279177,0.05683268111099338,0.0305284995,0.03220715575905797,0.7194298521812966,0.279380986757479,0.026193999500000002,0.02983205617572464,1.991305873056203,5.09328953732623,0.0245819995,0.02941077534601449,2.3458698790706984,6.2439067349487,95736.191,95874.191,0.0,138.0,0.0491590005,0.0305284995,Median_30_300_r,Median_10_100_l,0.0491590005,0.0308409995,0.0494715005,0.0308409995
64,Palezieux - Chatel-St-Denis,64,0.036692501,0.04075637937669376,1.0777869091009697,0.8219920236233689,0.020479999999999998,0.023691008127371273,0.9430724785096976,0.24514461233399,0.041194999499999996,0.04536343221409214,1.0300760749501663,0.634479905709894,0.030093,0.0322341192696477,0.5881531731895818,-0.5518640062430138,0.024891000000000003,0.030983123299457994,2.0474623535803613,4.5921281824359825,0.023628999499999997,0.03265026420325203,1.8727566467660979,3.0722319453637157,95874.191,96058.691,383.0,184.5,0.041194999499999996,0.030093,Median_30_300_r,Median_30_300_l,0.041194999499999996,0.038805000500000006,0.049907,0.038805000500000006
65,Palezieux - Chatel-St-Denis,65,0.033821999,0.03683269404870624,1.0748688574471263,0.9169338504779709,0.022054999999999998,0.024331983290715373,0.8973493270792791,0.24574285186258793,0.038579,0.043578414018264844,2.1814644320653964,6.259527467951829,0.030234999999999998,0.03390428311415525,2.6301952128286086,9.075000505954932,0.023829,0.028157849287671233,1.1967444264332208,0.5986368935871309,0.022653,0.02646863771385084,1.4603074444082353,1.2419390611172219,96058.691,96222.941,0.0,164.25,0.038579,0.030234999999999998,Median_30_300_r,Median_30_300_l,0.038579,0.041421,0.049765000000000004,0.041421
66,Palezieux - Chatel-St-Denis,66,0.053181,0.05726803314900662,0.7249412219590933,-0.11807436943387328,0.0305355005,0.031558390725165565,1.1099527841705372,3.0573513783857127,0.105587,0.12584623847350992,0.7901414032082098,-0.26941529453207425,0.0839004995,0.10051599645695364,1.0026654589220338,0.2593192797683468,0.0239715,0.030102413874172184,1.6373949704971071,1.8559001689130232,0.0187760005,0.024529748314569538,2.5162455275674613,6.085304070898388,96222.941,96298.441,180.0,75.5,0.105587,0.0839004995,Median_30_300_r,Median_30_300_l,0.105587,-0.025587,-0.0039004995000000015,-0.025587
67,Palezieux - Chatel-St-Denis,67,0.039652999,0.04169272542857143,0.926178952634555,1.5731814379997138,0.025109,0.02691273624175824,0.7685703742066798,-0.05833609446517629,0.040897999,0.042009077054945054,0.736251747950655,0.17624935429058164,0.031981000999999995,0.034193153923076924,0.5181177066994592,-0.7250400714744738,0.025622001,0.0276086812967033,1.5500983330542801,1.8980528959855105,0.021589,0.024374977606741573,1.6963152850011056,1.883472210064241,96298.441,96321.191,0.0,22.75,0.040897999,0.031981000999999995,Median_30_300_r,Median_30_300_l,0.040897999,0.039102001000000004,0.04801899900000001,0.039102001000000004
68,Palezieux - Chatel-St-Denis,68,0.044160999500000006,0.07884781208333334,2.7586596226366358,7.468236573367111,0.0147435,0.01713729998,1.8528497089696019,3.7288614187253453,0.0739685005,0.13139616974468085,2.078780038558916,3.2587405871519612,0.0390339995,0.04670489996,1.129036264051121,0.6081115550092364,0.088953,0.09488296567045454,0.6376260673782853,-0.5740389139096229,0.056218000000000004,0.05373406999,0.04784377639938736,-0.8284304650090291,96321.31,96346.31,350.0,25.0,0.088953,0.056218000000000004,Median_300_1000_r,Median_300_1000_l,0.088953,-0.008953000000000003,0.023781999999999998,-0.008953000000000003
69,Palezieux - Chatel-St-Denis,69,0.019929,0.02299201217408907,2.723490839541927,11.486349005770219,0.015078,0.017866035872509962,1.773824341840697,3.6704163653259396,0.032345,0.03923882855102041,2.5897242589674088,7.5593525644886785,0.028753001,0.03332287250996016,1.6617458885719913,2.6546333859317572,0.0271840005,0.03169825209243698,1.5099217614896843,1.6660900361726636,0.02771,0.030116824713147413,0.9509420718288178,0.438160974832261,96346.31,96409.06,0.0,62.75,0.032345,0.028753001,Median_30_300_r,Median_30_300_l,0.032345,0.047655,0.051246999,0.047655
70,Palezieux - Chatel-St-Denis,70,0.022421,0.02463365644557823,1.255754980306559,1.8382610317097177,0.0166185,0.01824634523469388,1.8424511227786418,5.178873106882895,0.058591500000000005,0.06199959351360544,1.3909226766621459,2.9729975814998824,0.052058499999999994,0.05497443197278911,1.4319278897631365,3.3218112763044543,0.0254420005,0.03006873639795918,1.6269551474837938,2.0702938166794187,0.023968,0.02611054931122449,1.2173481126282546,1.4817450074221679,96409.06,96556.06,135.0,147.0,0.058591500000000005,0.052058499999999994,Median_30_300_r,Median_30_300_l,0.058591500000000005,0.021408499999999997,0.027941500000000008,0.021408499999999997
71,Palezieux - Chatel-St-Denis,71,0.038578501,0.04281914951030928,1.2123056454141836,1.575039212680026,0.022116,0.02415689174742268,1.1442960016052388,0.8608253984381542,0.0439705,0.04789532996907217,1.2311520405856857,1.7055639673521137,0.0318130005,0.033249999963917524,0.7764411281232306,0.23137790028076788,0.0290670005,0.03156312372680412,0.421562943185485,-0.8336461786282405,0.031299501,0.0325738917886598,0.7194193837464805,-0.12054890042805955,96556.06,96604.56,0.0,48.5,0.0439705,0.0318130005,Median_30_300_r,Median_30_300_l,0.0439705,0.0360295,0.0481869995,0.0360295
